"Qubit","T1 (us)","T2 (us)","Frequency (GHz)","Anharmonicity (GHz)","Readout assignment error ","Prob meas0 prep1 ","Prob meas1 prep0 ","Readout length (ns)","ID error ","Z-axis rotation (rz) error ","âˆšx (sx) error ","Pauli-X error ","ECR error ","Gate time (ns)","Operational"
"0","457.1518512982052","367.8165467410083","4.6556519101155205","0","0.0048000000000000265","0.008600000000000052","0.001","1244.4444444444443","0.0003464456782493985","0","0.0003464456782493985","0.0003464456782493985","0_1:0.004749667770875238;0_14:0.008031454552496098","0_1:561.7777777777777;0_14:561.7777777777777","true"
"1","191.79514647511564","138.98722474240682","4.534970900756204","0","0.0030999999999999917","0.0030000000000000027","0.0032","1244.4444444444443","0.0001357479186624441","0","0.0001357479186624441","0.0001357479186624441","1_2:0.007756197225706474","1_2:561.7777777777777","true"
"2","270.32079303387167","122.55674976205222","4.680127623612607","0","0.0042999999999999705","0.0054","0.0031999999999999806","1244.4444444444443","0.000120667740588202","0","0.000120667740588202","0.000120667740588202","2_3:0.0037677838436348254","2_3:561.7777777777777","true"
"3","390.35978852508924","74.25876536221206","4.606649854222478","0","0.0035000000000000586","0.0036","0.0033999999999999586","1244.4444444444443","0.00013115787996793968","0","0.00013115787996793968","0.00013115787996793968","","","true"
"4","468.9341250059384","174.51076229992188","4.462304116484186","0","0.007900000000000018","0.007800000000000029","0.008","1244.4444444444443","0.00040013407534025055","0","0.00040013407534025055","0.00040013407534025055","4_3:0.006073061729430229;4_15:0.01074521852155208","4_3:561.7777777777777;4_15:561.7777777777777","true"
"5","288.37331243880413","358.42377152369886","4.426684893436448","0","0.007500000000000062","0.0098","0.005199999999999982","1244.4444444444443","0.0002201834247403186","0","0.0002201834247403186","0.0002201834247403186","5_4:0.00738828200456107","5_4:561.7777777777777","true"
"6","400.8148222760197","177.83221422042604","4.6400870895435755","0","0.0024999999999999467","0.0046000000000000485","0.0004","1244.4444444444443","0.00013638094765947356","0","0.00013638094765947356","0.00013638094765947356","6_5:0.0062276474664345605","6_5:561.7777777777777","true"
"7","357.14497258649453","427.08116703759094","4.475693651645108","0","0.0020999999999999908","0.0038","0.00039999999999995595","1244.4444444444443","0.00015835708592223442","0","0.00015835708592223442","0.00015835708592223442","7_8:0.00627935835141602;7_6:0.01572485808924015","7_8:561.7777777777777;7_6:561.7777777777777","true"
"8","440.3104354002364","350.4515865631813","4.40180284275863","0","0.0018000000000000238","0.0023999999999999577","0.0012","1244.4444444444443","0.0002777312951707977","0","0.0002777312951707977","0.0002777312951707977","8_9:0.022825425457183163","8_9:561.7777777777777","true"
"9","453.42941451365647","356.7998450265127","4.51900260704664","0","0.007199999999999984","0.007000000000000006","0.0074","1244.4444444444443","0.00011249960021849204","0","0.00011249960021849204","0.00011249960021849204","","","true"
"10","296.02696231521327","60.13272701954376","4.6283849005717705","0","0.006799999999999917","0.0072","0.006399999999999961","1244.4444444444443","0.0001665705715400269","0","0.0001665705715400269","0.0001665705715400269","10_11:0.012155345280341068;10_9:0.009290511703916204","10_11:561.7777777777777;10_9:561.7777777777777","true"
"11","253.69236916374675","231.4485399675267","4.571509844019155","0","0.018199999999999994","0.0228","0.013599999999999945","1244.4444444444443","0.0006095599625372385","0","0.0006095599625372385","0.0006095599625372385","11_12:0.028422367644819896","11_12:561.7777777777777","true"
"12","199.5862705438317","277.1350972693925","4.4643088470300105","0","0.0028999999999999027","0.0044","0.0013999999999999568","1244.4444444444443","0.0001788447957098474","0","0.0001788447957098474","0.0001788447957098474","","","true"
"13","351.7477147726726","80.21083719042646","4.573358165547252","0","0.017900000000000027","0.024800000000000044","0.011","1244.4444444444443","0.0009552110336990042","0","0.0009552110336990042","0.0009552110336990042","13_12:0.007532678028247253","13_12:561.7777777777777","true"
"14","227.127970464231","242.58595937687406","4.6040851468904105","0","0.03079999999999994","0.024399999999999977","0.0372","1244.4444444444443","0.0009977048538294467","0","0.0009977048538294467","0.0009977048538294467","14_18:0.008066562134868033","14_18:561.7777777777777","true"
"15","428.6104677612873","66.11523267216963","4.4959274195094165","0","0.022699999999999942","0.018399999999999972","0.027","1244.4444444444443","0.00042435622836976166","0","0.00042435622836976166","0.00042435622836976166","","","true"
"16","439.4166917963495","133.70769576970702","4.513274135373895","0","0.0026999999999999247","0.0030000000000000027","0.0024","1244.4444444444443","0.00013262876316402073","0","0.00013262876316402073","0.00013262876316402073","16_8:0.01016691541922618","16_8:561.7777777777777","true"
"17","229.4027509411903","55.92250656837682","4.675752580226643","0","0.040100000000000025","0.0432","0.03700000000000003","1244.4444444444443","0.00073121525652094","0","0.00073121525652094","0.00073121525652094","17_12:0.01273029450460264;17_30:0.012272394142032461","17_12:561.7777777777777;17_30:561.7777777777777","true"
"18","254.13656740888734","57.56815355431617","4.514817552170022","0","0.0023999999999999577","0.0024","0.0023999999999999577","1244.4444444444443","0.0001495620464770713","0","0.0001495620464770713","0.0001495620464770713","","","true"
"19","292.3919070087802","189.84946361406892","4.444143206592098","0","0.0016000000000000458","0.0030000000000000027","0.0002","1244.4444444444443","0.0001811952603018534","0","0.0001811952603018534","0.0001811952603018534","19_18:0.006455266450745345","19_18:561.7777777777777","true"
"20","481.2798723983","504.86446499678283","4.341286088488666","0","0.023399999999999976","0.021199999999999997","0.0256","1244.4444444444443","0.0002050121833591701","0","0.0002050121833591701","0.0002050121833591701","20_19:0.008037894792730732","20_19:561.7777777777777","true"
"21","374.3627024958422","210.9052236177378","4.485198399042834","0","0.012399999999999967","0.012","0.012800000000000034","1244.4444444444443","0.0001080355158192681","0","0.0001080355158192681","0.0001080355158192681","21_22:0.011343934280464152;21_20:0.013318054363640558","21_22:561.7777777777777;21_20:561.7777777777777","true"
"22","214.22212690327385","102.05197814364298","4.3829414878673765","0","0.012199999999999989","0.019","0.00539999999999996","1244.4444444444443","0.002183314026182623","0","0.002183314026182623","0.002183314026182623","22_23:0.010486103303556593;22_15:0.01619607592673683","22_23:561.7777777777777;22_15:561.7777777777777","true"
"23","374.31153163761513","173.85975398621787","4.531759636171289","0","0.005700000000000038","0.006000000000000005","0.0054","1244.4444444444443","0.00017286477891076746","0","0.00017286477891076746","0.00017286477891076746","23_24:0.012587676476735782","23_24:561.7777777777777","true"
"24","320.27847908820024","81.41594251613245","4.64618284001785","0","0.0019000000000000128","0.0033999999999999586","0.0004","1244.4444444444443","0.0003125944404710529","0","0.0003125944404710529","0.0003125944404710529","24_25:0.006755144966789528","24_25:561.7777777777777","true"
"25","206.71564879725935","211.17191916957208","4.702190888431821","0","0.008000000000000007","0.009600000000000053","0.0064","1244.4444444444443","0.00031928835468865397","0","0.00031928835468865397","0.00031928835468865397","","","true"
"26","191.4215116552454","102.98702765469079","4.648807643201564","0","0.007299999999999973","0.007399999999999962","0.0072","1244.4444444444443","0.00034960043962107575","0","0.00034960043962107575","0.00034960043962107575","26_16:0.006394920834765533;26_27:0.01367963156386598;26_25:0.011354770803704617","26_16:561.7777777777777;26_27:561.7777777777777;26_25:561.7777777777777","true"
"27","353.31071802133624","69.46131828568006","4.610138587259289","0","0.04800000000000004","0.0354","0.06059999999999999","1244.4444444444443","0.0004581320275606014","0","0.0004581320275606014","0.0004581320275606014","","","true"
"28","66.2376469580213","13.3029644792872","4.516890093595966","0","0.0131","0.019199999999999995","0.007","1244.4444444444443","0.0004867386496378422","0","0.0004867386496378422","0.0004867386496378422","28_27:0.018933048721228807","28_27:561.7777777777777","true"
"29","411.65065532018036","210.208851170798","4.460013707307682","0","0.01990000000000003","0.019","0.02080000000000004","1244.4444444444443","0.00012592167643620485","0","0.00012592167643620485","0.00012592167643620485","29_30:0.014743993127014715;29_28:0.01052525409027516","29_30:561.7777777777777;29_28:561.7777777777777","true"
"30","302.42093654678524","130.17042088064244","4.646610552690691","0","0.07210000000000005","0.07379999999999998","0.0704","1244.4444444444443","0.001770670188965176","0","0.001770670188965176","0.001770670188965176","","","true"
"31","396.0524764171481","186.9016445431958","4.613034004449991","0","0.010699999999999932","0.0134","0.008000000000000007","1244.4444444444443","0.0003342840006619781","0","0.0003342840006619781","0.0003342840006619781","31_30:0.013166801126399313;31_32:0.0073556472789355065","31_30:561.7777777777777;31_32:561.7777777777777","true"
"32","304.1944771959706","102.2617587268093","4.499282242559392","0","0.006199999999999983","0.007","0.00539999999999996","1244.4444444444443","0.00013683545234916412","0","0.00013683545234916412","0.00013683545234916412","","","true"
"33","218.62748625595148","192.4446787117835","4.596923627408367","0","0.0020999999999999908","0.0031999999999999806","0.001","1244.4444444444443","0.00018895968662282426","0","0.00018895968662282426","0.00018895968662282426","33_20:0.006416413594822312;33_39:0.007938461619879572","33_20:561.7777777777777;33_39:561.7777777777777","true"
"34","133.31148026994555","59.378386817927094","4.562132660940067","0","0.005199999999999982","0.009000000000000008","0.0014","1244.4444444444443","0.0003104920395496334","0","0.0003104920395496334","0.0003104920395496334","34_24:0.013090051173798467","34_24:561.7777777777777","true"
"35","394.1528580227879","113.36045061399736","4.721876962936168","0","0.0050000000000000044","0.006399999999999961","0.0036","1244.4444444444443","0.0004839901781472297","0","0.0004839901781472297","0.0004839901781472297","35_47:0.01369917820482322;35_28:0.015092041190983563","35_47:561.7777777777777;35_28:561.7777777777777","true"
"36","334.90902324952265","243.94084616757638","4.608009489586575","0","0.0042999999999999705","0.0043999999999999595","0.0042","1244.4444444444443","0.00015744225338165543","0","0.00015744225338165543","0.00015744225338165543","36_32:0.005734814534546467;36_51:0.005326051508355273","36_32:561.7777777777777;36_51:561.7777777777777","true"
"37","389.36291846039774","223.34129643098922","4.497683966433011","0","0.0040999999999999925","0.0042","0.0040000000000000036","1244.4444444444443","0.000295695128022316","0","0.000295695128022316","0.000295695128022316","37_38:0.01209894532154307;37_52:0.013743210160683","37_38:561.7777777777777;37_52:561.7777777777777","true"
"38","391.19199054679746","147.66064344944672","4.458559407040649","0","0.02210000000000001","0.02200000000000002","0.0222","1244.4444444444443","0.0004289625143631469","0","0.0004289625143631469","0.0004289625143631469","","","true"
"39","385.3586287611557","65.15496711159491","4.504366448853542","0","0.0033000000000000806","0.0036000000000000476","0.003","1244.4444444444443","0.00037157685271536103","0","0.00037157685271536103","0.00037157685271536103","39_38:0.01280772210437034","39_38:561.7777777777777","true"
"40","457.6517364964724","34.18754082793084","4.464346061503168","0","0.006799999999999917","0.008199999999999985","0.0054","1244.4444444444443","0.00023996736256128823","0","0.00023996736256128823","0.00023996736256128823","40_39:0.0111627406479414;40_41:0.015283170729830348","40_39:561.7777777777777;40_41:561.7777777777777","true"
"41","187.9973228046668","270.47381548964955","4.5758980573577315","0","0.0044999999999999485","0.005199999999999982","0.0038","1244.4444444444443","0.00011964928931688748","0","0.00011964928931688748","0.00011964928931688748","","","true"
"42","296.9561715582445","78.5200609795428","4.641378858794129","0","0.0024999999999999467","0.0028000000000000247","0.0022","1244.4444444444443","0.00015712287210708123","0","0.00015712287210708123","0.00015712287210708123","42_41:0.006916821330742229;42_43:0.007435462267631837","42_41:561.7777777777777;42_43:561.7777777777777","true"
"43","216.52644469644403","169.1993509169113","4.523114227733506","0","0.0035000000000000586","0.005199999999999982","0.0018","1244.4444444444443","0.00016674430544651286","0","0.00016674430544651286","0.00016674430544651286","43_34:0.0077848719210793504","43_34:561.7777777777777","true"
"44","216.5460781097749","146.5589181688866","4.594686444157476","0","0.018299999999999983","0.02080000000000004","0.0158","1244.4444444444443","0.00040886908599070476","0","0.00040886908599070476","0.00040886908599070476","44_43:0.018954190893906236","44_43:561.7777777777777","true"
"45","282.0154515342644","111.88304626540084","4.630447945854299","0","0.005400000000000071","0.010199999999999987","0.0006","1244.4444444444443","0.00032968199006607753","0","0.00032968199006607753","0.00032968199006607753","45_44:0.008643508838812874;45_46:0.020731886353209966","45_44:561.7777777777777;45_46:561.7777777777777","true"
"46","343.1626054251651","52.81470893157938","4.7101152763183185","0","0.007000000000000006","0.010800000000000032","0.0032","1244.4444444444443","0.0010526642833078351","0","0.0010526642833078351","0.0010526642833078351","46_47:0.018696805451209747","46_47:561.7777777777777","true"
"47","375.20119655277784","131.10970370329616","4.680794768562639","0","0.05359999999999998","0.04579999999999995","0.0614","1244.4444444444443","0.0012240646734101475","0","0.0012240646734101475","0.0012240646734101475","","","true"
"48","224.2019829901606","71.81381217658169","4.625119580999765","0","0.0030000000000000027","0.00539999999999996","0.0006","1244.4444444444443","0.00020920176479807484","0","0.00020920176479807484","0.00020920176479807484","48_49:0.007929365376087877;48_47:0.014587658908057743","48_49:561.7777777777777;48_47:561.7777777777777","true"
"49","237.84760680891398","98.10550745033663","4.581951923444357","0","0.013600000000000056","0.01319999999999999","0.014","1244.4444444444443","0.0002379377143234565","0","0.0002379377143234565","0.0002379377143234565","","","true"
"50","389.6712640211633","118.67819501956035","4.457846093970777","0","0.013299999999999979","0.0164","0.010199999999999987","1244.4444444444443","0.00019891612305613886","0","0.00019891612305613886","0.00019891612305613886","50_51:0.00787339554820804;50_49:0.011087683921966712","50_51:561.7777777777777;50_49:561.7777777777777","true"
"51","269.95436867813333","78.93621742010582","4.565449703289172","0","0.011400000000000077","0.011600000000000055","0.0112","1244.4444444444443","0.00018800870434939018","0","0.00018800870434939018","0.00018800870434939018","","","true"
"52","247.1501139575456","31.05887189507415","4.444582244625084","0","0.014000000000000012","0.009600000000000053","0.0184","1244.4444444444443","0.0009489277861626448","0","0.0009489277861626448","0.0009489277861626448","","","true"
"53","319.4822377872797","401.0658231663977","4.621999946921272","0","0.00550000000000006","0.007399999999999962","0.0036","1244.4444444444443","0.0003792247974742372","0","0.0003792247974742372","0.0003792247974742372","53_60:0.022994117720338214;53_41:0.006203572018536718","53_60:561.7777777777777;53_41:561.7777777777777","true"
"54","247.49107867566545","19.975452357073777","4.501319969198644","0","0.00869999999999993","0.0092","0.008199999999999985","1244.4444444444443","0.0003657987945574391","0","0.0003657987945574391","0.0003657987945574391","54_45:0.010672329032401534;54_64:0.013361303992140916","54_45:561.7777777777777;54_64:561.7777777777777","true"
"55","355.03078315427615","38.51177240135754","4.686242792253597","0","0.005099999999999993","0.007800000000000029","0.0024","1244.4444444444443","0.00028661436812232784","0","0.00028661436812232784","0.00028661436812232784","55_49:0.009708232657833687","55_49:561.7777777777777","true"
"56","280.98314248309026","203.21747308817214","4.553788003986175","0","0.0036000000000000476","0.0052","0.0020000000000000018","1244.4444444444443","0.0006346543692752834","0","0.0006346543692752834","0.0006346543692752834","56_52:0.010464359770003068","56_52:561.7777777777777","true"
"57","205.0695138552445","100.20096330590805","4.639589079921217","0","0.004899999999999904","0.009399999999999964","0.0004","1244.4444444444443","0.0006522113656711634","0","0.0006522113656711634","0.0006522113656711634","57_58:0.014633751124948025;57_56:0.02209735293961676","57_58:561.7777777777777;57_56:561.7777777777777","true"
"58","258.89980990550504","44.49872679406692","4.60946031216342","0","0.0033000000000000806","0.0046","0.0020000000000000018","1244.4444444444443","0.0004617532836678573","0","0.0004617532836678573","0.0004617532836678573","58_59:0.009587214332649474;58_71:0.021039099790803817","58_59:561.7777777777777;58_71:561.7777777777777","true"
"59","298.1048365572189","79.21688940604682","4.76998485110547","0","0.0015000000000000568","0.0018000000000000238","0.0012","1244.4444444444443","0.0001972508716509687","0","0.0001972508716509687","0.0001972508716509687","59_60:0.013149708819647804","59_60:561.7777777777777","true"
"60","350.4155640886084","256.51530369476785","4.51758880071049","0","0.006599999999999939","0.0074","0.005800000000000027","1244.4444444444443","0.00018801457571029188","0","0.00018801457571029188","0.00018801457571029188","60_61:0.009203720836348128","60_61:561.7777777777777","true"
"61","122.86955462441637","98.70657232776999","4.689285042647034","0","0.010399999999999965","0.015199999999999991","0.0056","1244.4444444444443","0.00032359485133011287","0","0.00032359485133011287","0.00032359485133011287","61_62:0.011839939970225588","61_62:561.7777777777777","true"
"62","195.89390369521863","25.495317158094426","4.647148973415401","0","0.022699999999999942","0.022599999999999953","0.0228","1244.4444444444443","0.0005747167551203428","0","0.0005747167551203428","0.0005747167551203428","","","true"
"63","80.02143100719312","29.912472444928873","4.507466798498427","0","0.022599999999999953","0.03979999999999995","0.0054","1244.4444444444443","0.001205828757774591","0","0.001205828757774591","0.001205828757774591","63_62:0.031373864788132144;63_64:0.014918344018266305","63_62:561.7777777777777;63_64:561.7777777777777","true"
"64","263.4648402907136","48.160741396245626","4.463156181672876","0","0.0044999999999999485","0.008199999999999985","0.0008","1244.4444444444443","0.0004627341671359121","0","0.0004627341671359121","0.0004627341671359121","64_65:0.018303270413634692","64_65:561.7777777777777","true"
"65","224.47674964714864","357.0072744231928","4.615245219163452","0","0.0039000000000000146","0.007000000000000006","0.0008","1244.4444444444443","0.000250366222673872","0","0.000250366222673872","0.000250366222673872","","","true"
"66","343.1676994689115","109.45151275595683","4.650759040252095","0","0.012599999999999945","0.0126","0.012599999999999945","1244.4444444444443","0.0016464933730092977","0","0.0016464933730092977","0.0016464933730092977","66_65:0.023833183043392298;66_67:0.020670969002093087","66_65:561.7777777777777;66_67:561.7777777777777","true"
"67","310.5195151933335","16.929865714739275","4.714534621504838","0","0.007600000000000051","0.011","0.0041999999999999815","1244.4444444444443","0.0003510636337795028","0","0.0003510636337795028","0.0003510636337795028","67_68:0.020718756057931442","67_68:561.7777777777777","true"
"68","146.28807600785925","100.78466978264393","4.612759385372887","0","0.01629999999999998","0.0168","0.015800000000000036","1244.4444444444443","0.00023152446517173527","0","0.00023152446517173527","0.00023152446517173527","68_69:0.009230598929224149;68_55:0.0097017273300197","68_69:561.7777777777777;68_55:561.7777777777777","true"
"69","237.6246237618058","134.29926658951103","4.551434618467778","0","0.0015000000000000568","0.0026000000000000467","0.0004","1244.4444444444443","0.00020901021023902894","0","0.00020901021023902894","0.00020901021023902894","69_70:0.00955444144832962","69_70:561.7777777777777","true"
"70","248.5162597502192","86.99523301025302","4.7119238616266905","0","0.0047000000000000375","0.007800000000000029","0.0016","1244.4444444444443","0.0002125184982080735","0","0.0002125184982080735","0.0002125184982080735","70_74:0.00624380812559816","70_74:561.7777777777777","true"
"71","88.98061261653788","39.60712582892994","4.546166252343946","0","0.019299999999999984","0.024599999999999955","0.014","1244.4444444444443","0.0009255479121359553","0","0.0009255479121359553","0.0009255479121359553","","","true"
"72","264.12924731785336","230.79945395588578","4.576614601655456","0","0.0024999999999999467","0.0043999999999999595","0.0006","1244.4444444444443","0.0002785564310490721","0","0.0002785564310490721","0.0002785564310490721","72_62:0.008490932364125098;72_81:0.008863503040532655","72_62:561.7777777777777;72_81:561.7777777777777","true"
"73","215.40711880515252","96.67133494622158","4.82209404471584","0","0.008000000000000007","0.010199999999999987","0.0058","1244.4444444444443","0.0001880325339137065","0","0.0001880325339137065","0.0001880325339137065","73_66:0.022728690004956947;73_85:0.011676122669815436","73_66:561.7777777777777;73_85:561.7777777777777","true"
"74","370.1557769035594","308.26037302224415","4.609667339920899","0","0.059799999999999964","0.067","0.05259999999999998","1244.4444444444443","0.00014191741962489346","0","0.00014191741962489346","0.00014191741962489346","","","true"
"75","243.38595231483643","99.97624697673692","4.787402185310064","0","0.0030000000000000027","0.004","0.0020000000000000018","1244.4444444444443","0.00021064470184655249","0","0.00021064470184655249","0.00021064470184655249","75_90:0.006806834480387658;75_76:0.00514092298241095","75_90:561.7777777777777;75_76:561.7777777777777","true"
"76","347.04212274689274","401.38864622083645","4.683345595140192","0","0.0023999999999999577","0.0043999999999999595","0.0004","1244.4444444444443","0.00012206965181317334","0","0.00012206965181317334","0.00012206965181317334","76_77:0.00913947343005933","76_77:561.7777777777777","true"
"77","323.9570085227408","197.67232874989622","4.576660656103545","0","0.0032999999999999696","0.0052","0.0013999999999999568","1244.4444444444443","0.0010462922089824267","0","0.0010462922089824267","0.0010462922089824267","77_78:0.015291474705041552;77_71:0.017810101370560688","77_78:561.7777777777777;77_71:561.7777777777777","true"
"78","307.25243197430694","360.16339596556946","4.483446325099712","0","0.0019000000000000128","0.0036000000000000476","0.0002","1244.4444444444443","0.00023200731054554542","0","0.00023200731054554542","0.00023200731054554542","","","true"
"79","284.5884892876421","77.37506103095302","4.570753648061639","0","0.01639999999999997","0.012199999999999989","0.0206","1244.4444444444443","0.0007571711126233811","0","0.0007571711126233811","0.0007571711126233811","79_78:0.008760629524972419","79_78:561.7777777777777","true"
"80","33.90313506727854","29.15797368140849","4.600459922854673","0","0.12219999999999998","0.1764","0.068","1244.4444444444443","0.006907561956383248","0","0.006907561956383248","0.006907561956383248","80_81:0.047055826682409485;80_79:0.06248931937076235","80_81:561.7777777777777;80_79:561.7777777777777","true"
"81","257.8373191967425","95.64091277478609","4.498657961309217","0","0.005300000000000082","0.006000000000000005","0.0046","1244.4444444444443","0.0002623579708027264","0","0.0002623579708027264","0.0002623579708027264","","","true"
"82","183.8683734148533","98.610045325505","4.60230584737739","0","0.01639999999999997","0.03200000000000003","0.0008","1244.4444444444443","0.00033178869910140883","0","0.00033178869910140883","0.00033178869910140883","82_83:0.00816344099816299;82_81:0.011467650129421164","82_83:561.7777777777777;82_81:561.7777777777777","true"
"83","328.4684580086689","36.48757758801802","4.636300454916315","0","0.01550000000000007","0.019","0.01200000000000001","1244.4444444444443","0.00033223145564368104","0","0.00033223145564368104","0.00033223145564368104","","","true"
"84","165.0804122349339","101.82394056238196","4.749601673414875","0","0.012799999999999923","0.022199999999999998","0.0034","1244.4444444444443","0.0006313793317127097","0","0.0006313793317127097","0.0006313793317127097","84_83:0.00813400105828016","84_83:561.7777777777777","true"
"85","372.527730098817","259.0794524278259","4.586878851250555","0","0.0026999999999999247","0.0044","0.0010000000000000009","1244.4444444444443","0.00011394024042565783","0","0.00011394024042565783","0.00011394024042565783","85_86:0.0281060176444366;85_84:0.015281470212062609","85_86:561.7777777777777;85_84:561.7777777777777","true"
"86","198.29791472853836","128.057589127646","4.756363319613215","0","0.042300000000000004","0.04420000000000002","0.0404","1244.4444444444443","0.0006416424756552923","0","0.0006416424756552923","0.0006416424756552923","","","true"
"87","189.94496922187656","67.30382323773762","4.725081069728816","0","0.020199999999999996","0.024800000000000044","0.0156","1244.4444444444443","0.0005732405999002728","0","0.0005732405999002728","0.0005732405999002728","87_93:0.01552408054815163;87_86:0.012088992846144536","87_93:561.7777777777777;87_86:561.7777777777777","true"
"88","206.06749274040683","35.292200020428304","4.566478907671847","0","0.009300000000000086","0.012800000000000034","0.0058","1244.4444444444443","0.000246287114376448","0","0.000246287114376448","0.000246287114376448","88_89:0.017019938322477973;88_87:0.02376348715269086","88_89:561.7777777777777;88_87:561.7777777777777","true"
"89","289.0226673245977","188.8285844212523","4.796709366177189","0","0.047599999999999976","0.0484","0.04679999999999995","1244.4444444444443","0.0001124004024800935","0","0.0001124004024800935","0.0001124004024800935","89_74:0.01860935372080577","89_74:561.7777777777777","true"
"90","240.03790099783726","243.13390005831917","4.704271038080013","0","0.016599999999999948","0.03080000000000005","0.0024","1244.4444444444443","0.0006742748236739878","0","0.0006742748236739878","0.0006742748236739878","","","true"
"91","350.4591452295694","92.04921556386954","4.709011938127591","0","0.0026999999999999247","0.0040000000000000036","0.0014","1244.4444444444443","0.00022755190736128766","0","0.00022755190736128766","0.00022755190736128766","91_79:0.01623966270156252;91_98:0.012305987743394114","91_79:561.7777777777777;91_98:561.7777777777777","true"
"92","280.62652712489603","78.1759893766297","4.729506515010961","0","0.0019000000000000128","0.0023999999999999577","0.0014","1244.4444444444443","0.00015246640668274065","0","0.00015246640668274065","0.00015246640668274065","92_83:0.009272767213786282;92_102:0.008724631888425288","92_83:561.7777777777777;92_102:561.7777777777777","true"
"93","248.59611316922013","141.6927678914445","4.678338509540849","0","0.009800000000000031","0.013000000000000012","0.0066","1244.4444444444443","0.0004721596511691387","0","0.0004721596511691387","0.0004721596511691387","93_106:0.013789503676632259","93_106:561.7777777777777","true"
"94","254.90342165275814","183.25132366721436","4.876135706375553","0","0.00649999999999995","0.0068","0.006199999999999983","1244.4444444444443","0.00014529061186178844","0","0.00014529061186178844","0.00014529061186178844","94_90:0.007324070476874306;94_95:0.010848163638976394","94_90:561.7777777777777;94_95:561.7777777777777","true"
"95","267.91107679420054","20.84084204427947","4.597069930950647","0","0.009300000000000086","0.012800000000000034","0.0058","1244.4444444444443","0.00027095129728539244","0","0.00027095129728539244","0.00027095129728539244","","","true"
"96","280.16667848536906","182.66581819576768","4.73300762350649","0","0.0035000000000000586","0.0048","0.0021999999999999797","1244.4444444444443","0.00015705917247670843","0","0.00015705917247670843","0.00015705917247670843","96_95:0.008164352507253336;96_109:0.010575812022359077;96_97:0.007413906597689063","96_95:561.7777777777777;96_109:561.7777777777777;96_97:561.7777777777777","true"
"97","294.7529691421853","320.5812525775508","4.806691164617051","0","0.0014000000000000679","0.0021999999999999797","0.0006","1244.4444444444443","0.00012710228088853347","0","0.00012710228088853347","0.00012710228088853347","97_98:0.009545245764547905","97_98:561.7777777777777","true"
"98","410.8510684921512","35.06998984437307","4.608993016268003","0","0.009800000000000031","0.0128","0.006800000000000028","1244.4444444444443","0.0005704657194581144","0","0.0005704657194581144","0.0005704657194581144","98_99:0.011731139055395218","98_99:561.7777777777777","true"
"99","306.50153715482253","94.78036178748069","4.5745090981596155","0","0.0031000000000001027","0.0046000000000000485","0.0016","1244.4444444444443","0.0003336230795522714","0","0.0003336230795522714","0.0003336230795522714","","","true"
"100","191.53810350210676","78.69415790534065","4.647304672109836","0","0.0020999999999999908","0.0040000000000000036","0.0002","1244.4444444444443","0.0003521236003361541","0","0.0003521236003361541","0.0003521236003361541","100_99:0.014192420385890164;100_110:0.011478958068906336","100_99:561.7777777777777;100_110:561.7777777777777","true"
"101","283.4202458226931","342.4349258861656","4.724306623034043","0","0.0022999999999999687","0.0040000000000000036","0.0006","1244.4444444444443","0.0002279065004798625","0","0.0002279065004798625","0.0002279065004798625","101_100:0.009692366252320117;101_102:0.012589891672269676","101_100:561.7777777777777;101_102:561.7777777777777","true"
"102","109.29812567655185","165.25308658371702","4.604318127402081","0","0.00550000000000006","0.0078","0.0031999999999999806","1244.4444444444443","0.0002965204811571395","0","0.0002965204811571395","0.0002965204811571395","","","true"
"103","227.63249949647715","134.5781579902249","4.664323251001181","0","0.0010000000000000009","0.0020000000000000018","0","1244.4444444444443","0.00013675740357361012","0","0.00013675740357361012","0.00013675740357361012","103_102:0.009007948644056574;103_104:0.00723729407011911","103_102:561.7777777777777;103_104:561.7777777777777","true"
"104","165.21272515257974","31.7908520816432","4.802224652568345","0","0.006700000000000039","0.0096","0.0038000000000000256","1244.4444444444443","0.00042386879296642027","0","0.00042386879296642027","0.00042386879296642027","","","true"
"105","139.23573749973303","83.39481248362621","4.739890795173361","0","0.0043999999999999595","0.0072","0.0016000000000000458","1244.4444444444443","0.0007689886091385999","0","0.0007689886091385999","0.0007689886091385999","105_104:0.012881503084416157;105_106:0.014562151181931327","105_104:561.7777777777777;105_106:561.7777777777777","true"
"106","286.03172880344704","45.85246623276862","4.7105374284322306","0","0.025700000000000056","0.025","0.02639999999999998","1244.4444444444443","0.001342074614601349","0","0.001342074614601349","0.001342074614601349","","","true"
"107","299.6547686307499","35.60296657644162","4.615484085265021","0","0.0036000000000000476","0.005600000000000049","0.0016","1244.4444444444443","0.00019679231799284212","0","0.00019679231799284212","0.00019679231799284212","107_106:0.012535172437824066;107_108:0.004759991635274019","107_106:561.7777777777777;107_108:561.7777777777777","true"
"108","372.9369236119781","384.51183965222293","4.546231826853807","0","0.008000000000000007","0.007399999999999962","0.0086","1244.4444444444443","0.00017870152704937915","0","0.00017870152704937915","0.00017870152704937915","108_112:0.00937091596897574","108_112:561.7777777777777","true"
"109","221.99117425790885","35.523649288811356","4.87521277069742","0","0.01760000000000006","0.018199999999999994","0.017","1244.4444444444443","0.0004744429122423657","0","0.0004744429122423657","0.0004744429122423657","109_114:0.009209713258967661","109_114:561.7777777777777","true"
"110","177.82964138032776","60.1745537780602","4.805827815077485","0","0.0050000000000000044","0.00660000000000005","0.0034","1244.4444444444443","0.0003422865519181141","0","0.0003422865519181141","0.0003422865519181141","110_118:0.015345180268676595","110_118:561.7777777777777","true"
"111","129.78065557404366","103.88499662929983","4.768724348272485","0","0.0042999999999999705","0.007600000000000051","0.001","1244.4444444444443","0.0003595530411071452","0","0.0003595530411071452","0.0003595530411071452","111_104:0.012533899622223565;111_122:0.009594406928447152","111_104:561.7777777777777;111_122:561.7777777777777","true"
"112","386.8034514518725","158.631372064836","4.583649137301727","0","0.0039000000000000146","0.006000000000000005","0.0018","1244.4444444444443","0.00021546120939792455","0","0.00021546120939792455","0.00021546120939792455","","","true"
"113","213.0381436863675","104.30329803078041","4.65564013226321","0","0.0037000000000000366","0.0040000000000000036","0.0034","1244.4444444444443","0.00020891388055923577","0","0.00020891388055923577","0.00020891388055923577","","","true"
"114","282.0991489680532","21.19089244208598","4.7817823583954455","0","0.0121","0.005199999999999982","0.019","1244.4444444444443","0.00036231665381305253","0","0.00036231665381305253","0.00036231665381305253","114_115:0.005429537257411965;114_113:0.0061988965826692555","114_115:561.7777777777777;114_113:561.7777777777777","true"
"115","286.6967013768794","231.46138104953138","4.709536423861271","0","0.0018000000000000238","0.0021999999999999797","0.0014","1244.4444444444443","0.00015781950533061675","0","0.00015781950533061675","0.00015781950533061675","","","true"
"116","191.20376094132584","138.4358593346341","4.9589050268650405","0","0.0052000000000000934","0.008600000000000052","0.0018","1244.4444444444443","0.0004293410879887006","0","0.0004293410879887006","0.0004293410879887006","116_117:0.009731412820385449;116_115:0.0075498520029793625","116_117:561.7777777777777;116_115:561.7777777777777","true"
"117","214.2225440477172","65.39029137319102","4.831559005441058","0","0.012199999999999989","0.014599999999999946","0.0098","1244.4444444444443","0.00023192748732516353","0","0.00023192748732516353","0.00023192748732516353","117_118:0.009680996278917636","117_118:561.7777777777777","true"
"118","111.53536187789096","175.12375640896747","4.749124632168262","0","0.0020000000000000018","0.0032","0.0008000000000000229","1244.4444444444443","0.00021353151593742013","0","0.00021353151593742013","0.00021353151593742013","118_119:0.007019096052148982","118_119:561.7777777777777","true"
"119","225.55912405823827","234.98906461543163","4.610731701487749","0","0.0020999999999999908","0.0040000000000000036","0.0002","1244.4444444444443","0.00019126659017347267","0","0.00019126659017347267","0.00019126659017347267","119_120:0.005327155560770763","119_120:561.7777777777777","true"
"120","297.8593587432749","257.2161309989013","4.500648512955684","0","0.006299999999999972","0.008","0.0046000000000000485","1244.4444444444443","0.00015222081047919586","0","0.00015222081047919586","0.00015222081047919586","","","true"
"121","294.6541544030717","106.68546092562461","4.620344281318905","0","0.259","0.24239999999999995","0.2756","1244.4444444444443","0.00011282835915119026","0","0.00011282835915119026","0.00011282835915119026","121_120:0.007071678124491609","121_120:561.7777777777777","true"
"122","247.41569406565375","334.41326474594644","4.68804655328173","0","0.0040000000000000036","0.006000000000000005","0.002","1244.4444444444443","0.0002116217510893209","0","0.0002116217510893209","0.0002116217510893209","122_123:0.014862478573542975;122_121:0.011350095718375086","122_123:561.7777777777777;122_121:561.7777777777777","true"
"123","254.27615518048597","260.56592782143866","4.730583209149167","0","0.10109999999999997","0.0928","0.1094","1244.4444444444443","0.0009462153242447095","0","0.0009462153242447095","0.0009462153242447095","123_124:0.012483742672449671","123_124:561.7777777777777","true"
"124","305.24694129827895","52.09715310187011","4.634874496291621","0","0.0018000000000000238","0.0031999999999999806","0.0004","1244.4444444444443","0.00018387891398666457","0","0.00018387891398666457","0.00018387891398666457","","","true"
"125","345.14343384284524","335.2439291491282","4.737114642927571","0","0.0040999999999999925","0.007199999999999984","0.001","1244.4444444444443","0.0008428714942706228","0","0.0008428714942706228","0.0008428714942706228","125_124:0.015364197799608265;125_126:0.011621392043060286","125_124:561.7777777777777;125_126:561.7777777777777","true"
"126","145.85461730574386","44.21614904584022","4.702942029378534","0","0.005400000000000071","0.008199999999999985","0.0026","1244.4444444444443","0.00023751947604082506","0","0.00023751947604082506","0.00023751947604082506","126_112:0.01392083134610414","126_112:561.7777777777777","true"